"# background genes","# genes","category","chart color","description","FDR value","genes","network.SUID","nodes.SUID","p-value","PMID","term name","transferred FDR value","year"
"26","13","Monarch Phenotype","","Abnormal magnesium concentration","1.21E-21","CLDN16|FXYD2|CLDN19|CLDN10|CLCNKA|TRPM6|CLCNKB|KCNJ1|SLC12A3|HNF1B|SLC12A1|KCNJ10|BSND","128","349|436|442|337|295|427|277|283|289|481|301|355|265","9.88E-26","","HP:0004921","2.091721462968355","0"
"23","12","Monarch Phenotype","","Hypomagnesemia","3.5E-20","CLDN16|FXYD2|CLDN19|CLCNKA|TRPM6|CLCNKB|KCNJ1|SLC12A3|HNF1B|SLC12A1|KCNJ10|BSND","128","349|436|442|295|427|277|283|289|481|301|355|265","5.74E-24","","HP:0002917","1.9455931955649723","0"
"70","14","Monarch Phenotype","","Abnormality of urine calcium concentration","2.53E-19","CLDN16|FXYD2|CLDN19|CLDN10|ATP6V0A4|CLCNKA|CLCNKB|KCNJ1|SLC12A3|SERPINA1|HNF1B|SLC12A1|KCNJ10|BSND","128","349|436|442|337|400|295|277|283|289|463|481|301|355|265","6.21E-23","","HP:0011280","1.8596879478824182","0"
"1039","27","TISSUES","","Kidney","3.6E-19","AQP2|MIOX|WNK4|CALB1|ATP6V0D2|FXYD2|CLDN19|CLDN10|CDH16|ATP6V0A4|CLCNKA|TRPM6|ESRRG|SLC22A2|OGDHL|CLCNKB|TMEM52B|KCNJ1|UMOD|SLC12A3|KRT8|ACSM2A|KCNJ16|KNG1|SLC12A1|KCNJ10|BSND","128","217|313|247|259|451|436|442|337|271|400|295|427|763|550|754|277|316|283|307|289|394|769|343|220|301|355|265","1.49E-22","","BTO:0000671","1.8443697499232712","0"
"16","10","STRING Clusters","","Gitelman syndrome, and Serine/threonine-protein kinase OSR1/WNK, CCT domain","4.94E-17","AQP2|WNK4|CLCNKA|STK39|CLCNKB|KCNJ1|UMOD|SLC12A3|SLC12A1|BSND","128","217|247|295|367|277|283|307|289|301|265","1.08E-20","","CL:12607","1.6306273051076352","0"
"250","17","Monarch Phenotype","","Abnormal blood cation concentration","5.89E-17","AQP2|WNK4|CLDN16|FXYD2|CLDN19|CLDN10|ATP6V0A4|CLCNKA|TRPM6|CLCNKB|KCNJ1|SLC12A3|SERPINA1|HNF1B|SLC12A1|KCNJ10|BSND","128","217|247|349|436|442|337|400|295|427|277|283|289|463|481|301|355|265","1.93E-20","","HP:0010929","1.62298847052129","0"
"33","10","Monarch Phenotype","","Polyuria","5.78E-15","AQP2|CLDN16|CLDN10|CLCNKA|CLCNKB|KCNJ1|SLC12A3|SLC12A1|KCNJ10|BSND","128","217|349|337|295|277|283|289|301|355|265","3.79E-18","","HP:0000103","1.4238072161579471","0"
"60","11","STRING Clusters","","Mixed, incl. Antiport, and Chloride ion homeostasis","1.38E-14","AQP2|WNK4|SLC26A7|CLCNKA|STK39|CLCNKB|KCNJ1|UMOD|SLC12A3|SLC12A1|BSND","128","217|247|541|295|367|277|283|307|289|301|265","9.07E-18","","CL:12534","1.3860120913598764","0"
"131","13","Monarch Phenotype","","Abnormal blood monovalent inorganic cation concentration","1.47E-14","AQP2|WNK4|FXYD2|CLDN10|ATP6V0A4|CLCNKA|CLCNKB|KCNJ1|SLC12A3|HNF1B|SLC12A1|KCNJ10|BSND","128","217|247|436|337|400|295|277|283|289|481|301|355|265","1.08E-17","","HP:0010930","1.3832682665251823","0"
"350","17","DISEASES","","Urinary system disease","1.98E-14","AQP2|WNK4|SALL1|CLDN16|CLDN19|ATP6V0A4|CLCNKA|STK39|KIF12|CLCNKB|DCDC2|KCNJ1|UMOD|SLC12A3|HNF1B|SLC12A1|BSND","128","217|247|775|349|442|400|295|367|616|277|748|283|307|289|481|301|265","4.3E-18","","DOID:18","1.3703334809738468","0"
"99","12","Monarch Phenotype","","Abnormal blood potassium concentration","2.92E-14","WNK4|FXYD2|CLDN10|ATP6V0A4|CLCNKA|CLCNKB|KCNJ1|SLC12A3|HNF1B|SLC12A1|KCNJ10|BSND","128","247|436|337|400|295|277|283|289|481|301|355|265","2.4E-17","","HP:0011042","1.3534617148551582","0"
"67","11","Monarch Phenotype","","Hypokalemia","3.02E-14","FXYD2|CLDN10|ATP6V0A4|CLCNKA|CLCNKB|KCNJ1|SLC12A3|HNF1B|SLC12A1|KCNJ10|BSND","128","436|337|400|295|277|283|289|481|301|355|265","2.72E-17","","HP:0002900","1.351999305704285","0"
"46","10","Monarch Phenotype","","Abnormality of renal excretion","6.46E-14","AQP2|CLDN16|CLDN10|CLCNKA|CLCNKB|KCNJ1|SLC12A3|SLC12A1|KCNJ10|BSND","128","217|349|337|295|277|283|289|301|355|265","6.88E-17","","HP:0011036","1.3189767482004915","0"
"42","10","DISEASES","","Renal tubular transport disease","7.07E-14","AQP2|WNK4|ATP6V0A4|CLCNKA|STK39|CLCNKB|KCNJ1|SLC12A3|SLC12A1|BSND","128","217|247|400|295|367|277|283|289|301|265","3.08E-17","","DOID:447","1.31505805862031","0"
"275","15","DISEASES","","Kidney disease","1.68E-13","AQP2|WNK4|CLDN16|CLDN19|ATP6V0A4|CLCNKA|STK39|CLCNKB|DCDC2|KCNJ1|UMOD|SLC12A3|HNF1B|SLC12A1|BSND","128","217|247|349|442|400|295|367|277|748|283|307|289|481|301|265","1.09E-16","","DOID:557","1.2774690718274138","0"
"560","18","Monarch Phenotype","","Abnormal renal physiology","3.47E-13","AQP2|SALL1|CLDN16|FXYD2|CLDN19|CLDN10|ATP6V0A4|CLCNKA|CLCNKB|DCDC2|KCNJ1|UMOD|SLC12A3|SERPINA1|HNF1B|SLC12A1|KCNJ10|BSND","128","217|775|349|436|442|337|400|295|277|748|283|307|289|463|481|301|355|265","3.98E-16","","HP:0012211","1.2459670525209128","0"
"63","10","Monarch Phenotype","","Hypercalciuria","9.49E-13","CLDN16|CLDN19|ATP6V0A4|CLCNKA|CLCNKB|KCNJ1|SERPINA1|HNF1B|SLC12A1|BSND","128","349|442|400|295|277|283|463|481|301|265","1.17E-15","","HP:0002150","1.2022733787572708","0"
"9","7","Monarch Phenotype","","Renal magnesium wasting","2.33E-12","CLDN16|FXYD2|CLDN19|CLCNKB|SLC12A3|HNF1B|KCNJ10","128","349|436|442|277|289|481|355","3.05E-15","","HP:0005567","1.163264407897398","0"
"10","7","Monarch Phenotype","","Hypokalemic alkalosis","3.72E-12","CLCNKA|CLCNKB|KCNJ1|SLC12A3|SLC12A1|KCNJ10|BSND","128","295|277|283|289|301|355|265","5.18E-15","","HP:0001949","1.1429457060118102","0"
"1010","20","Monarch Phenotype","","Abnormal circulating metabolite concentration","3.04E-11","AQP2|WNK4|CLDN16|FXYD2|CLDN19|CLDN10|ATP6V0A4|CLCNKA|TRPM6|CLCNKB|KCNJ1|UMOD|SLC12A3|SERPINA1|KRT8|HNF1B|KNG1|SLC12A1|KCNJ10|BSND","128","217|247|349|436|442|337|400|295|427|277|283|307|289|463|394|481|220|301|355|265","4.73E-14","","HP:0032180","1.0517126416391247","0"
"16","7","Monarch Phenotype","","Abnormal urine potassium concentration","3.94E-11","CLCNKA|CLCNKB|KCNJ1|SLC12A3|SLC12A1|KCNJ10|BSND","128","295|277|283|289|301|355|265","6.46E-14","","HP:0012598","1.0404503778174425","0"
"17","7","Monarch Phenotype","","Increased circulating renin level","5.29E-11","CLCNKA|CLCNKB|KCNJ1|SLC12A3|SLC12A1|KCNJ10|BSND","128","295|277|283|289|301|355|265","9.1E-14","","HP:0000848","1.0276544327964814","0"
"933","19","Monarch Phenotype","","Abnormality of the urinary system physiology","8.59E-11","AQP2|SALL1|CLDN16|FXYD2|CLDN19|CLDN10|ATP6V0A4|CLCNKA|CLCNKB|DCDC2|KCNJ1|UMOD|SLC12A3|SERPINA1|KRT8|HNF1B|SLC12A1|KCNJ10|BSND","128","217|775|349|436|442|337|400|295|277|748|283|307|289|463|394|481|301|355|265","1.55E-13","","HP:0011277","1.0066006836168757","0"
"19","7","Monarch Phenotype","","Hyperaldosteronism","9.15E-11","CLCNKA|CLCNKB|KCNJ1|SLC12A3|SLC12A1|KCNJ10|BSND","128","295|277|283|289|301|355|265","1.72E-13","","HP:0000859","1.003857890593355","0"
"7","6","Monarch Phenotype","","Hypokalemic metabolic alkalosis","1.12E-10","CLCNKA|CLCNKB|KCNJ1|SLC12A1|KCNJ10|BSND","128","295|277|283|301|355|265","2.21E-13","","HP:0001960","0.9950781977329818","0"
"6","6","DISEASES","","Gitelman syndrome","1.37E-10","STK39|CLCNKB|KCNJ1|SLC12A3|SLC12A1|BSND","128","367|277|283|289|301|265","1.19E-13","","DOID:0050450","0.9863279432843592","0"
"44","8","Monarch Phenotype","","Polydipsia","1.87E-10","AQP2|CLDN16|CLDN10|CLCNKB|KCNJ1|SLC12A3|HNF1B|KCNJ10","128","217|349|337|277|283|289|481|355","3.83E-13","","HP:0001959","0.9728158393463501","0"
"7","6","DISEASES","","Bartter disease","2.03E-10","CLCNKA|CLCNKB|KCNJ1|SLC12A3|SLC12A1|BSND","128","295|277|283|289|301|265","2.21E-13","","DOID:445","0.9692503962086787","0"
"25","7","Monarch Phenotype","","Metabolic alkalosis","3.8E-10","CLCNKA|CLCNKB|KCNJ1|SLC12A3|SLC12A1|KCNJ10|BSND","128","295|277|283|289|301|355|265","8.73E-13","","HP:0200114","0.942021640338319","0"
"638","16","Monarch Phenotype","","Abnormality of urine homeostasis","4.26E-10","AQP2|CLDN16|FXYD2|CLDN19|CLDN10|ATP6V0A4|CLCNKA|CLCNKB|KCNJ1|SLC12A3|SERPINA1|KRT8|HNF1B|SLC12A1|KCNJ10|BSND","128","217|349|436|442|337|400|295|277|283|289|463|394|481|301|355|265","1.01E-12","","HP:0003110","0.9370590400897282","0"
"10","6","TISSUES","","Renal distal tubule","4.98E-10","AQP2|WNK4|KCNJ1|UMOD|SLC12A3|SLC12A1","128","217|247|283|307|289|301","1.03E-12","","BTO:0000482","0.9302770657240282","0"
"628","16","UniProt Keywords","","Ion transport","5.38E-10","CLDN16|ATP6V0D2|FXYD2|CLDN10|ATP6V0A4|SLC26A7|CLCNKA|TRPM6|SLC22A2|CLCNKB|KCNJ1|SLC12A3|ATP6V1G3|KCNJ16|SLC12A1|KCNJ10","128","349|451|436|337|400|541|295|427|550|277|283|289|253|343|301|355","8.01E-13","","KW-0406","0.9269217724333612","0"
"11","6","Monarch Phenotype","","Hypocalciuria","6.44E-10","FXYD2|CLDN10|CLCNKB|SLC12A3|HNF1B|KCNJ10","128","436|337|277|289|481|355","1.58E-12","","HP:0003127","0.9191114132640188","0"
"12","6","Monarch Phenotype","","Abnormal blood chloride concentration","9.04E-10","WNK4|CLCNKA|CLCNKB|KCNJ1|SLC12A1|BSND","128","247|295|277|283|301|265","2.37E-12","","HP:0011422","0.9043831569524636","0"
"285","12","Monarch Phenotype","","Renal insufficiency","1.26E-9","AQP2|SALL1|CLDN16|FXYD2|CLDN19|CLDN10|CLCNKA|CLCNKB|DCDC2|UMOD|HNF1B|BSND","128","217|775|349|436|442|337|295|277|748|307|481|265","3.51E-12","","HP:0000083","0.8899629454882436","0"
"61","8","Monarch Phenotype","","Nephrocalcinosis","1.44E-9","CLDN16|CLDN19|ATP6V0A4|CLCNKA|CLCNKB|KCNJ1|SLC12A1|BSND","128","349|442|400|295|277|283|301|265","4.13E-12","","HP:0000121","0.8841637507904749","0"
"104","9","Monarch Phenotype","","Dehydration","1.83E-9","AQP2|EPCAM|ATP6V0A4|CLCNKA|CLCNKB|KCNJ1|SERPINA1|SLC12A1|BSND","128","217|388|400|295|277|283|463|301|265","5.41E-12","","HP:0001944","0.873754891026957","0"
"5","5","Monarch Phenotype","","Hyperchloriduria","4.92E-9","CLCNKA|CLCNKB|KCNJ1|SLC12A1|BSND","128","295|277|283|301|265","1.53E-11","","HP:0002914","0.8308034897232639","0"
"5","5","Monarch Phenotype","","Hyperprostaglandinuria","4.92E-9","CLCNKA|CLCNKB|KCNJ1|SLC12A1|BSND","128","295|277|283|301|265","1.53E-11","","HP:0003527","0.8308034897232639","0"
"18","6","Monarch Phenotype","","Tetany","5.06E-9","CLDN16|TRPM6|CLCNKB|KCNJ1|SLC12A3|SLC12A1","128","349|427|277|283|289|301","1.7E-11","","HP:0001281","0.82958494831602","0"
"5","5","TISSUES","","Henles loop","6.2E-9","AQP2|KCNJ1|UMOD|SLC12A3|SLC12A1","128","217|283|307|289|301","1.53E-11","","BTO:0004608","0.8207608310501746","0"
"6","5","Monarch Phenotype","","Renal potassium wasting","7.96E-9","CLCNKB|KCNJ1|SLC12A3|SLC12A1|KCNJ10","128","277|283|289|301|355","2.8E-11","","HP:0000128","0.8099086932262332","0"
"20","6","Monarch Phenotype","","Chondrocalcinosis","8.04E-9","FXYD2|CLCNKB|KCNJ1|SLC12A3|HNF1B|SLC12A1","128","436|277|283|289|481|301","2.9E-11","","HP:0000934","0.8094743951251548","0"
"1101","18","Monarch Phenotype","","Abnormality of the upper urinary tract","8.2E-9","AQP2|SALL1|CLDN16|FXYD2|CLDN19|CLDN10|ATP6V0A4|CLCNKA|CLCNKB|DCDC2|KCNJ1|UMOD|SLC12A3|SERPINA1|HNF1B|SLC12A1|KCNJ10|BSND","128","217|775|349|436|442|337|400|295|277|748|283|307|289|463|481|301|355|265","3.03E-11","","HP:0010935","0.8086186147616283","0"
"5378","35","TISSUES","","Viscus","8.87E-9","AQP2|MIOX|WNK4|SALL1|EPCAM|CALB1|ATP6V0D2|FXYD2|CLDN19|CLDN10|CDH16|ATP6V0A4|CLCNKA|TRPM6|ESRRG|SLC22A2|TCF21|OGDHL|KIF12|CLCNKB|TMEM52B|KCNJ1|UMOD|F11|CCDC198|SLC12A3|SERPINA1|KRT8|ACSM2A|KCNJ16|HNF1B|KNG1|SLC12A1|KCNJ10|BSND","128","217|313|247|775|388|259|451|436|442|337|271|400|295|427|763|550|766|754|616|277|316|283|307|694|778|289|463|394|769|343|481|220|301|355|265","2.56E-11","","BTO:0001491","0.8052076380168274","0"
"6","5","UniProt Keywords","","Bartter syndrome","9.42E-9","CLCNKA|CLCNKB|KCNJ1|SLC12A1|BSND","128","295|277|283|301|265","2.8E-11","","KW-0910","0.8025949097207123","0"
"5","5","STRING Clusters","","Bartter syndrome","1.0E-8","CLCNKA|CLCNKB|KCNJ1|SLC12A1|BSND","128","295|277|283|301|265","1.53E-11","","CL:12610","0.8","0"
"1214","20","GO Biological Process","","Ion transport","1.09E-8","WNK4|CLDN16|ATP6V0D2|FXYD2|CLDN10|ATP6V0A4|SLC26A7|CLCNKA|STK39|TRPM6|SLC22A2|CLCNKB|KCNJ1|UMOD|SLC12A3|ATP6V1G3|KCNJ16|SLC12A1|KCNJ10|BSND","128","247|349|451|436|337|400|541|295|367|427|550|277|283|307|289|253|343|301|355|265","1.37E-12","","GO:0006811","0.7962573502059376","0"
"743","17","GO Biological Process","","Inorganic ion transmembrane transport","1.09E-8","WNK4|CLDN16|ATP6V0D2|FXYD2|ATP6V0A4|SLC26A7|CLCNKA|STK39|TRPM6|CLCNKB|KCNJ1|SLC12A3|ATP6V1G3|KCNJ16|SLC12A1|KCNJ10|BSND","128","247|349|451|436|400|541|295|367|427|277|283|289|253|343|301|355|265","6.95E-13","","GO:0098660","0.7962573502059376","0"
"226","11","GO Cellular Component","","Basolateral plasma membrane","1.44E-8","AQP2|EPCAM|CLDN19|CDH16|ATP6V0A4|SLC26A7|STK39|UMOD|KCNJ16|KCNJ10|BSND","128","217|388|442|271|400|541|367|307|343|355|265","7.03E-12","","GO:0016323","0.7841637507904751","0"
"23","6","Monarch Phenotype","","Renal salt wasting","1.58E-8","CLCNKA|CLCNKB|KCNJ1|SLC12A1|KCNJ10|BSND","128","295|277|283|301|355|265","5.95E-11","","HP:0000127","0.7801342913045578","0"
"23","6","Monarch Phenotype","","Abnormal Sharpey fiber morphology","1.58E-8","FXYD2|CLCNKB|KCNJ1|SLC12A3|HNF1B|SLC12A1","128","436|277|283|289|481|301","5.95E-11","","HP:0100685","0.7801342913045578","0"
"8","5","Monarch Phenotype","","Hypochloremia","1.98E-8","CLCNKA|CLCNKB|KCNJ1|SLC12A1|BSND","128","295|277|283|301|265","7.78E-11","","HP:0003113","0.7703334809738469","0"
"973","18","GO Biological Process","","Ion transmembrane transport","2.1E-8","WNK4|CLDN16|ATP6V0D2|FXYD2|ATP6V0A4|SLC26A7|CLCNKA|STK39|TRPM6|SLC22A2|CLCNKB|KCNJ1|SLC12A3|ATP6V1G3|KCNJ16|SLC12A1|KCNJ10|BSND","128","247|349|451|436|400|541|295|367|427|550|277|283|289|253|343|301|355|265","4.02E-12","","GO:0034220","0.7677780705266081","0"
"1294","20","GO Biological Process","","Transmembrane transport","2.1E-8","AQP2|WNK4|CLDN16|ATP6V0D2|FXYD2|ATP6V0A4|SLC26A7|CLCNKA|STK39|TRPM6|SLC22A2|CLCNKB|KCNJ1|UMOD|SLC12A3|ATP6V1G3|KCNJ16|SLC12A1|KCNJ10|BSND","128","217|247|349|451|436|400|541|295|367|427|550|277|283|307|289|253|343|301|355|265","4.34E-12","","GO:0055085","0.7677780705266081","0"
"9","5","Monarch Phenotype","","Increased urinary potassium","3.01E-8","CLCNKA|CLCNKB|KCNJ1|SLC12A1|BSND","128","295|277|283|301|265","1.21E-10","","HP:0003081","0.7521433504406156","0"
"10","5","Monarch Phenotype","","Fetal polyuria","4.42E-8","CLCNKA|CLCNKB|KCNJ1|SLC12A1|BSND","128","295|277|283|301|265","1.81E-10","","HP:0001563","0.7354577730650907","0"
"111","8","Monarch Phenotype","","Abnormal consumption behavior","8.48E-8","AQP2|CLDN16|CLDN10|CLCNKB|KCNJ1|SLC12A3|HNF1B|KCNJ10","128","217|349|337|277|283|289|481|355","3.54E-10","","HP:0040202","0.7071604147743286","0"
"12","5","Monarch Phenotype","","Hyperactive renin-angiotensin system","8.72E-8","CLCNKA|CLCNKB|KCNJ1|SLC12A1|BSND","128","295|277|283|301|265","3.72E-10","","HP:0000841","0.7059483515067433","0"
"113","8","Monarch Phenotype","","Abnormality of adrenal physiology","9.33E-8","WNK4|CLCNKA|CLCNKB|KCNJ1|SLC12A3|SLC12A1|KCNJ10|BSND","128","247|295|277|283|289|301|355|265","4.05E-10","","HP:0011733","0.7030118356253501","0"
"2168","22","Monarch Phenotype","","Abnormality of metabolism/homeostasis","1.86E-7","AQP2|WNK4|EPCAM|CLDN16|FXYD2|CLDN19|CLDN10|ATP6V0A4|CLCNKA|TRPM6|CLCNKB|DCDC2|KCNJ1|UMOD|SLC12A3|SERPINA1|KRT8|HNF1B|KNG1|SLC12A1|KCNJ10|BSND","128","217|247|388|349|436|442|337|400|295|427|277|748|283|307|289|463|394|481|220|301|355|265","8.25E-10","","HP:0001939","0.6730487055782084","0"
"362","11","Monarch Phenotype","","Abnormality of acid-base homeostasis","1.98E-7","WNK4|CLDN16|ATP6V0A4|CLCNKA|CLCNKB|KCNJ1|SLC12A3|HNF1B|SLC12A1|KCNJ10|BSND","128","247|349|400|295|277|283|289|481|301|355|265","8.94E-10","","HP:0004360","0.6703334809738469","0"
"886","16","GO Biological Process","","Cation transport","3.92E-7","WNK4|CLDN16|ATP6V0D2|FXYD2|ATP6V0A4|STK39|TRPM6|SLC22A2|CLCNKB|KCNJ1|UMOD|SLC12A3|ATP6V1G3|KCNJ16|SLC12A1|KCNJ10","128","247|349|451|436|400|367|427|550|277|283|307|289|253|343|301|355","1.25E-10","","GO:0006812","0.6406713932979542","0"
"4","4","Monarch Phenotype","","Low-to-normal blood pressure","4.27E-7","CLCNKB|KCNJ1|SLC12A3|SLC12A1","128","277|283|289|301","1.96E-9","","HP:0002632","0.6369572124974976","0"
"735","15","GO Molecular Function","","Inorganic molecular entity transmembrane transporter activity","5.14E-7","AQP2|CLDN16|ATP6V0D2|ATP6V0A4|SLC26A7|CLCNKA|TRPM6|CLCNKB|KCNJ1|SLC12A3|ATP6V1G3|KCNJ16|SLC12A1|KCNJ10|BSND","128","217|349|451|400|541|295|427|277|283|289|253|343|301|355|265","1.04E-10","","GO:0015318","0.6289036881004725","0"
"837","14","Monarch Phenotype","","Abnormal renal morphology","1.31E-6","SALL1|CLDN16|CLDN19|CLDN10|ATP6V0A4|CLCNKA|CLCNKB|DCDC2|KCNJ1|UMOD|SLC12A3|HNF1B|SLC12A1|BSND","128","775|349|442|337|400|295|277|748|283|307|289|481|301|265","6.22E-9","","HP:0012210","0.5882728704344236","0"
"2189","21","Monarch Phenotype","","Abnormality of the genitourinary system","1.39E-6","AQP2|SALL1|EPCAM|CLDN16|FXYD2|CLDN19|CLDN10|ATP6V0A4|CLCNKA|CLCNKB|DCDC2|KCNJ1|UMOD|F11|SLC12A3|SERPINA1|KRT8|HNF1B|SLC12A1|KCNJ10|BSND","128","217|775|388|349|436|442|337|400|295|277|748|283|307|694|289|463|394|481|301|355|265","6.74E-9","","HP:0000119","0.5856985199745905","0"
"723","14","Reactome Pathways","","Transport of small molecules","1.46E-6","AQP2|WNK4|ATP6V0D2|FXYD2|ATP6V0A4|SLC26A7|CLCNKA|TRPM6|SLC22A2|CLCNKB|SLC12A3|ATP6V1G3|SLC12A1|BSND","128","217|247|451|436|400|541|295|427|550|277|289|253|301|265","9.81E-10","","HSA-382551","0.5835647144215563","0"
"183","9","Reactome Pathways","","Ion channel transport","1.46E-6","WNK4|ATP6V0D2|FXYD2|ATP6V0A4|CLCNKA|TRPM6|CLCNKB|ATP6V1G3|BSND","128","247|451|436|400|295|427|277|253|265","6.38E-10","","HSA-983712","0.5835647144215563","0"
"4","4","DISEASES","","Bartter disease type 3","1.5E-6","CLCNKB|KCNJ1|SLC12A3|BSND","128","277|283|289|265","1.96E-9","","DOID:0110144","0.5823908740944319","0"
"4","4","DISEASES","","Polyhydramnios","1.5E-6","CLCNKB|KCNJ1|SLC12A1|BSND","128","277|283|301|265","1.96E-9","","DOID:8488","0.5823908740944319","0"
"6","4","TISSUES","","Connecting tubule","1.58E-6","AQP2|KCNJ1|SLC12A3|SLC12A1","128","217|283|289|301","5.85E-9","","BTO:0004539","0.5801342913045577","0"
"851","15","GO Molecular Function","","Ion transmembrane transporter activity","1.89E-6","CLDN16|ATP6V0D2|ATP6V0A4|SLC26A7|CLCNKA|TRPM6|SLC22A2|CLCNKB|KCNJ1|SLC12A3|ATP6V1G3|KCNJ16|SLC12A1|KCNJ10|BSND","128","349|451|400|541|295|427|550|277|283|289|253|343|301|355|265","7.65E-10","","GO:0015075","0.5723538195826756","0"
"5","4","DISEASES","","Primary hypomagnesemia","2.02E-6","CLDN16|FXYD2|CLDN19|TRPM6","128","349|436|442|427","3.52E-9","","DOID:0060879","0.5694648630553376","0"
"7","4","UniProt Keywords","","Primary hypomagnesemia","2.06E-6","CLDN16|FXYD2|CLDN19|TRPM6","128","349|436|442|427","9.18E-9","","KW-0982","0.5686132779630847","0"
"261","9","Monarch Phenotype","","Vomiting","2.53E-6","AQP2|EPCAM|ATP6V0A4|CLCNKA|CLCNKB|KCNJ1|SLC12A3|SLC12A1|BSND","128","217|388|400|295|277|283|289|301|265","1.27E-8","","HP:0002013","0.5596879478824183","0"
"114","7","Monarch Phenotype","","Renal tubular dysfunction","2.75E-6","CLDN16|ATP6V0A4|CLCNKA|CLCNKB|SLC12A3|HNF1B|BSND","128","349|400|295|277|289|481|265","1.4E-8","","HP:0000124","0.5560667306169738","0"
"7004","36","TISSUES","","Gland","2.84E-6","AQP2|MIOX|WNK4|SALL1|EPCAM|EFHD1|CALB1|ATP6V0D2|FXYD2|CLDN19|CLDN10|CDH16|ATP6V0A4|CLCNKA|STK39|TRPM6|ESRRG|SLC22A2|TCF21|OGDHL|CLCNKB|TMEM52B|KCNJ1|UMOD|F11|CCDC198|SLC12A3|SERPINA1|KRT8|ACSM2A|KCNJ16|HNF1B|KNG1|SLC12A1|KCNJ10|BSND","128","217|313|247|775|388|760|259|451|436|442|337|271|400|295|367|427|763|550|766|754|277|316|283|307|694|778|289|463|394|769|343|481|220|301|355|265","1.17E-8","","BTO:0000522","0.5546681659952962","0"
"1070","15","Monarch Phenotype","","Abnormality of the endocrine system","3.14E-6","AQP2|WNK4|SALL1|EPCAM|CLDN19|CLDN10|CLCNKA|CLCNKB|KCNJ1|SLC12A3|SERPINA1|HNF1B|SLC12A1|KCNJ10|BSND","128","217|247|775|388|442|337|295|277|283|289|463|481|301|355|265","1.63E-8","","HP:0000818","0.5503070351926784","0"
"29","5","Monarch Phenotype","","Abnormal renal tubular resorption","3.14E-6","CLCNKA|CLCNKB|SLC12A3|HNF1B|BSND","128","295|277|289|481|265","1.62E-8","","HP:0011038","0.5503070351926784","0"
"749","14","GO Biological Process","","Cation transmembrane transport","4.01E-6","WNK4|CLDN16|ATP6V0D2|FXYD2|ATP6V0A4|STK39|TRPM6|SLC22A2|KCNJ1|SLC12A3|ATP6V1G3|KCNJ16|SLC12A1|KCNJ10","128","247|349|451|436|400|367|427|550|283|289|253|343|301|355","1.54E-9","","GO:0098655","0.5396855627379817","0"
"1275","16","Monarch Phenotype","","Abnormal homeostasis","4.14E-6","AQP2|WNK4|EPCAM|CLDN16|CLDN10|ATP6V0A4|CLCNKA|CLCNKB|KCNJ1|SLC12A3|SERPINA1|KRT8|HNF1B|SLC12A1|KCNJ10|BSND","128","217|247|388|349|337|400|295|277|283|289|463|394|481|301|355|265","2.21E-8","","HP:0012337","0.5382999658879102","0"
"44","6","GO Biological Process","","Potassium ion import across plasma membrane","4.3E-6","FXYD2|KCNJ1|SLC12A3|KCNJ16|SLC12A1|KCNJ10","128","436|283|289|343|301|355","1.92E-9","","GO:1990573","0.5366531544420414","0"
"20","5","GO Biological Process","","Chloride ion homeostasis","5.8E-6","WNK4|STK39|UMOD|SLC12A3|SLC12A1","128","247|367|307|289|301","3.15E-9","","GO:0055064","0.5236572006437064","0"
"649","13","GO Biological Process","","Inorganic cation transmembrane transport","5.8E-6","WNK4|CLDN16|ATP6V0D2|FXYD2|ATP6V0A4|STK39|TRPM6|KCNJ1|SLC12A3|ATP6V1G3|KCNJ16|SLC12A1|KCNJ10","128","247|349|451|436|400|367|427|283|289|253|343|301|355","2.96E-9","","GO:0098662","0.5236572006437064","0"
"1121","16","GO Molecular Function","","Transmembrane transporter activity","5.97E-6","AQP2|CLDN16|ATP6V0D2|ATP6V0A4|SLC26A7|CLCNKA|TRPM6|SLC22A2|CLCNKB|KCNJ1|SLC12A3|ATP6V1G3|KCNJ16|SLC12A1|KCNJ10|BSND","128","217|349|451|400|541|295|427|550|277|283|289|253|343|301|355|265","3.63E-9","","GO:0022857","0.5224025668870631","0"
"367","10","GO Cellular Component","","Apical plasma membrane","7.41E-6","AQP2|EPCAM|ATP6V0D2|ATP6V0A4|STK39|TRPM6|SLC22A2|UMOD|SLC12A3|SLC12A1","128","217|388|451|400|367|427|550|307|289|301","1.58E-8","","GO:0016324","0.5130181792020672","0"
"1237","16","GO Cellular Component","","Plasma membrane region","7.41E-6","AQP2|EPCAM|ATP6V0D2|CLDN19|CDH16|ATP6V0A4|SLC26A7|STK39|TRPM6|SLC22A2|UMOD|SLC12A3|KCNJ16|SLC12A1|KCNJ10|BSND","128","217|388|451|442|271|400|541|367|427|550|307|289|343|301|355|265","1.45E-8","","GO:0098590","0.5130181792020672","0"
"136","7","Monarch Phenotype","","Chronic kidney disease","8.23E-6","CLDN16|CLDN19|CLCNKA|CLCNKB|DCDC2|HNF1B|BSND","128","349|442|295|277|748|481|265","4.45E-8","","HP:0012622","0.508460016478773","0"
"10","4","DISEASES","","Pseudohypoaldosteronism","1.41E-5","WNK4|STK39|KCNJ1|SLC12A3","128","247|367|283|289","2.77E-8","","DOID:4479","0.485078088734462","0"
"167","8","COMPARTMENTS","","Apical plasma membrane","1.75E-5","AQP2|EPCAM|ATP6V0D2|ATP6V0A4|SLC22A2|UMOD|SLC12A3|SLC12A1","128","217|388|451|400|550|307|289|301","7.59E-9","","GOCC:0016324","0.47569619513137057","0"
"3778","26","DISEASES","","Genetic disease","1.91E-5","AQP2|WNK4|SALL1|EPCAM|CLDN16|FXYD2|CLDN19|ATP6V0A4|CLCNKA|STK39|TRPM6|ESRRG|KIF12|CLCNKB|DCDC2|KCNJ1|UMOD|F11|SLC12A3|SERPINA1|KCNJ16|HNF1B|KNG1|SLC12A1|KCNJ10|BSND","128","217|247|775|388|349|436|442|400|295|367|427|763|616|277|748|283|307|694|289|463|343|481|220|301|355|265","4.16E-8","","DOID:630","0.4718966632752273","0"
"114","7","GO Biological Process","","Chloride transport","1.99E-5","WNK4|SLC26A7|CLCNKA|CLCNKB|SLC12A3|SLC12A1|BSND","128","247|541|295|277|289|301|265","1.4E-8","","GO:0006821","0.47011469235902936","0"
"17","4","Monarch Phenotype","","Abnormal urine sodium concentration","2.98E-5","CLCNKA|CLCNKB|KCNJ10|BSND","128","295|277|355|265","1.64E-7","","HP:0012603","0.45257837359237446","0"
"18","4","Monarch Phenotype","","Gout","3.58E-5","CLCNKB|UMOD|SLC12A3|HNF1B","128","277|307|289|481","2.0E-7","","HP:0001997","0.44461169733561257","0"
"649","12","GO Biological Process","","Metal ion transport","4.18E-5","WNK4|CLDN16|FXYD2|STK39|TRPM6|CLCNKB|KCNJ1|UMOD|SLC12A3|KCNJ16|SLC12A1|KCNJ10","128","247|349|436|367|427|277|283|307|289|343|301|355","3.2E-8","","GO:0030001","0.43788237182249645","0"
"19","4","Monarch Phenotype","","Enuresis","4.21E-5","AQP2|CLCNKB|SLC12A3|KCNJ10","128","217|277|289|355","2.41E-7","","HP:0000805","0.4375717904164332","0"
"3","3","Monarch Phenotype","","Hypokalemic hypochloremic metabolic alkalosis","4.32E-5","CLCNKA|CLCNKB|BSND","128","295|277|265","2.52E-7","","HP:0004909","0.4364516253185088","0"
"3","3","Monarch Phenotype","","Salt craving","4.32E-5","CLCNKB|SLC12A3|KCNJ10","128","277|289|355","2.52E-7","","HP:0030083","0.4364516253185088","0"
"110","6","Monarch Phenotype","","Generalized muscle weakness","5.32E-5","FXYD2|CLCNKB|KCNJ1|SLC12A3|HNF1B|SLC12A1","128","436|277|283|289|481|301","3.18E-7","","HP:0003324","0.4274088367704952","0"
"136","7","GO Biological Process","","Kidney epithelium development","5.37E-5","WNK4|SALL1|EPCAM|CALB1|TCF21|UMOD|HNF1B","128","247|775|388|259|766|307|481","4.45E-8","","GO:0072073","0.4270025714300444","0"
"190","7","Monarch Phenotype","","Abnormal nephron morphology","6.54E-5","CLCNKB|KCNJ1|UMOD|SLC12A3|HNF1B|SLC12A1|BSND","128","277|283|307|289|481|301|265","3.97E-7","","HP:0012575","0.41844222516757323","0"
"82","6","GO Biological Process","","Nephron tubule development","6.85E-5","WNK4|SALL1|CALB1|TCF21|UMOD|HNF1B","128","247|775|259|766|307|481","6.11E-8","","GO:0072080","0.41643094285075744","0"
"60","5","Monarch Phenotype","","Renal tubular acidosis","7.31E-5","CLDN16|ATP6V0A4|CLCNKB|SLC12A3|HNF1B","128","349|400|277|289|481","4.56E-7","","HP:0001947","0.413608262304214","0"
"838","12","Monarch Phenotype","","Renal system measurement","7.71E-5","CLDN10|C7|SLC22A2|TCF21|DCDC2|KCNJ1|UMOD|KLHDC7A|SERPINA1|ACSM2A|HNF1B|KNG1","128","337|772|550|766|748|283|307|751|463|769|481|220","4.87E-7","","EFO:0004742","0.41129456219490435","0"
"85","6","GO Biological Process","","Metanephros development","7.82E-5","AQP2|SALL1|CALB1|TCF21|UMOD|HNF1B","128","217|775|259|766|307|481","7.48E-8","","GO:0001656","0.41067932469401514","0"
"4","3","TISSUES","","Renal medulla","8.2E-5","AQP2|KCNJ1|SLC12A1","128","217|283|301","4.39E-7","","BTO:0001167","0.4086186147616283","0"
"152","7","GO Biological Process","","Import across plasma membrane","8.51E-5","FXYD2|SLC22A2|KCNJ1|SLC12A3|KCNJ16|SLC12A1|KCNJ10","128","436|550|283|289|343|301|355","9.23E-8","","GO:0098739","0.4070070439915412","0"
"24","4","Monarch Phenotype","","Acute kidney injury","8.65E-5","CLCNKA|CLCNKB|HNF1B|BSND","128","295|277|481|265","5.53E-7","","HP:0001919","0.40629838925351863","0"
"3","3","DISEASES","","EAST syndrome","1.0E-4","KCNJ1|KCNJ16|KCNJ10","128","283|343|355","2.52E-7","","DOID:0060484","0.4","0"
"66","5","Monarch Phenotype","","Abnormality of the parathyroid gland","1.1E-4","CLDN10|CLCNKB|SLC12A3|SLC12A1|KCNJ10","128","337|277|289|301|355","7.11E-7","","HP:0000828","0.3958607314841775","0"
"5","3","Monarch Phenotype","","Impaired renal concentrating ability","1.1E-4","CLCNKA|CLCNKB|BSND","128","295|277|265","7.02E-7","","HP:0004727","0.3958607314841775","0"
"473","10","COMPARTMENTS","","Extracellular membrane-bounded organelle","1.2E-4","AQP2|EPCAM|KIF12|UMOD|F11|SLC12A3|SERPINA1|KRT8|KNG1|SLC12A1","128","217|388|616|307|694|289|463|394|220|301","1.61E-7","","GOCC:0065010","0.39208187539523753","0"
"469","10","GO Biological Process","","Anion transport","1.2E-4","WNK4|SLC26A7|CLCNKA|SLC22A2|CLCNKB|UMOD|SLC12A3|SLC12A1|KCNJ10|BSND","128","247|541|295|550|277|307|289|301|355|265","1.49E-7","","GO:0006820","0.39208187539523753","0"
"904","13","GO Biological Process","","Chemical homeostasis","1.2E-4","AQP2|WNK4|CLDN16|CALB1|ATP6V0D2|ATP6V0A4|STK39|PRKAA2|UMOD|SLC12A3|ACSM2A|SLC12A1|KCNJ10","128","217|247|349|259|451|400|367|757|307|289|769|301|355","1.39E-7","","GO:0048878","0.39208187539523753","0"
"172","7","GO Biological Process","","Potassium ion transmembrane transport","1.4E-4","WNK4|FXYD2|KCNJ1|SLC12A3|KCNJ16|SLC12A1|KCNJ10","128","247|436|283|289|343|301|355","2.07E-7","","GO:0071805","0.38538719643217617","0"
"500","10","COMPARTMENTS","","Extracellular vesicle","1.5E-4","AQP2|EPCAM|KIF12|UMOD|F11|SLC12A3|SERPINA1|KRT8|KNG1|SLC12A1","128","217|388|616|307|694|289|463|394|220|301","2.66E-7","","GOCC:1903561","0.38239087409443184","0"
"136","6","Monarch Phenotype","","Abnormal renal glomerulus morphology","1.6E-4","CLCNKB|KCNJ1|SLC12A3|HNF1B|SLC12A1|BSND","128","277|283|289|481|301|265","1.05E-6","","HP:0000095","0.3795880017344075","0"
"2802","21","DISEASES","","Autosomal genetic disease","1.7E-4","WNK4|SALL1|EPCAM|ATP6V0A4|CLCNKA|STK39|ESRRG|KIF12|CLCNKB|DCDC2|KCNJ1|UMOD|F11|SLC12A3|SERPINA1|KCNJ16|HNF1B|KNG1|SLC12A1|KCNJ10|BSND","128","247|775|388|400|295|367|763|616|277|748|283|307|694|289|463|343|481|220|301|355|265","4.92E-7","","DOID:0050739","0.37695510786217257","0"
"6","3","TISSUES","","Cortical collecting duct","1.8E-4","AQP2|KCNJ1|SLC12A3","128","217|283|289","1.05E-6","","BTO:0002643","0.3744727494896694","0"
"676","11","COMPARTMENTS","","Plasma membrane region","1.9E-4","AQP2|EPCAM|ATP6V0D2|CLDN19|ATP6V0A4|SLC26A7|SLC22A2|UMOD|SLC12A3|SLC12A1|BSND","128","217|388|451|442|400|541|550|307|289|301|265","4.64E-7","","GOCC:0098590","0.3721246399047171","0"
"111","6","GO Biological Process","","Renal system process","1.9E-4","AQP2|WNK4|ATP6V0A4|CLCNKA|CLCNKB|UMOD","128","217|247|400|295|277|307","3.35E-7","","GO:0003014","0.3721246399047171","0"
"514","10","GO Biological Process","","Inorganic ion homeostasis","1.9E-4","WNK4|CLDN16|CALB1|ATP6V0D2|ATP6V0A4|STK39|UMOD|SLC12A3|SLC12A1|KCNJ10","128","247|349|259|451|400|367|307|289|301|355","3.41E-7","","GO:0098771","0.3721246399047171","0"
"3","3","Reactome Pathways","","Potassium transport channels","1.9E-4","KCNJ1|KCNJ16|KCNJ10","128","283|343|355","2.52E-7","","HSA-1296067","0.3721246399047171","0"
"189","7","GO Biological Process","","Import into cell","2.0E-4","FXYD2|SLC22A2|KCNJ1|SLC12A3|KCNJ16|SLC12A1|KCNJ10","128","436|550|283|289|343|301|355","3.83E-7","","GO:0098657","0.36989700043360185","0"
"2096","18","GO Cellular Component","","Extracellular exosome","2.0E-4","AQP2|EPCAM|CALB1|ATP6V0D2|FXYD2|CDH16|ATP6V0A4|C7|SLC22A2|KIF12|TMEM52B|UMOD|F11|SLC12A3|SERPINA1|KRT8|KNG1|SLC12A1","128","217|388|259|451|436|271|400|772|550|616|316|307|694|289|463|394|220|301","6.83E-7","","GO:0070062","0.36989700043360185","0"
"102","6","GO Molecular Function","","Chloride transmembrane transporter activity","2.1E-4","SLC26A7|CLCNKA|CLCNKB|SLC12A3|SLC12A1|BSND","128","541|295|277|289|301|265","2.08E-7","","GO:0015108","0.3677780705266081","0"
"7","3","Monarch Phenotype","","Hypermagnesemia","2.2E-4","CLDN10|CLCNKB|SLC12A3","128","337|277|289","1.5E-6","","HP:0002918","0.3657577319177794","0"
"5","3","DISEASES","","Distal arthrogryposis type 3","2.3E-4","WNK4|STK39|SLC12A3","128","247|367|289","7.02E-7","","DOID:0111607","0.36382721639824067","0"
"428","9","COMPARTMENTS","","Extracellular exosome","2.5E-4","AQP2|EPCAM|KIF12|UMOD|SLC12A3|SERPINA1|KRT8|KNG1|SLC12A1","128","217|388|616|307|289|463|394|220|301","7.58E-7","","GOCC:0070062","0.3602059991327963","0"
"647","11","GO Molecular Function","","Cation transmembrane transporter activity","2.5E-4","CLDN16|ATP6V0D2|ATP6V0A4|TRPM6|SLC22A2|KCNJ1|SLC12A3|ATP6V1G3|KCNJ16|SLC12A1|KCNJ10","128","349|451|400|427|550|283|289|253|343|301|355","3.02E-7","","GO:0008324","0.3602059991327963","0"
"296","8","GO Biological Process","","Kidney development","2.6E-4","AQP2|WNK4|SALL1|EPCAM|CALB1|TCF21|UMOD|HNF1B","128","217|247|775|388|259|766|307|481","5.37E-7","","GO:0001822","0.3585026652029182","0"
"1978","17","UniProt Keywords","","Transport","2.6E-4","AQP2|CLDN16|ATP6V0D2|FXYD2|CLDN10|ATP6V0A4|SLC26A7|CLCNKA|TRPM6|SLC22A2|CLCNKB|KCNJ1|SLC12A3|ATP6V1G3|KCNJ16|SLC12A1|KCNJ10","128","217|349|451|436|337|400|541|295|427|550|277|283|289|253|343|301|355","1.57E-6","","KW-0813","0.3585026652029182","0"
"949","12","Monarch Phenotype","","Failure to thrive","2.6E-4","AQP2|SALL1|EPCAM|CLDN16|ATP6V0A4|CLCNKA|CLCNKB|KCNJ1|SLC12A3|SERPINA1|SLC12A1|BSND","128","217|775|388|349|400|295|277|283|289|463|301|265","1.78E-6","","HP:0001508","0.3585026652029182","0"
"477","9","Monarch Phenotype","","Abnormal urine metabolite level","2.6E-4","CLDN16|CLCNKA|CLCNKB|KCNJ1|SLC12A3|KRT8|HNF1B|SLC12A1|BSND","128","349|295|277|283|289|394|481|301|265","1.83E-6","","HP:0033354","0.3585026652029182","0"
"202","7","GO Biological Process","","Sodium ion transport","2.8E-4","WNK4|FXYD2|STK39|CLCNKB|UMOD|SLC12A3|SLC12A1","128","247|436|367|277|307|289|301","5.91E-7","","GO:0006814","0.35528419686577806","0"
"154","6","Monarch Phenotype","","Metabolic acidosis","3.0E-4","WNK4|CLDN16|ATP6V0A4|CLCNKB|SLC12A3|HNF1B","128","247|349|400|277|289|481","2.1E-6","","HP:0001942","0.35228787452803373","0"
"7090","33","TISSUES","","Urogenital system","3.2E-4","AQP2|MIOX|WNK4|EPCAM|EFHD1|CALB1|ATP6V0D2|FXYD2|CLDN19|CLDN10|CDH16|ATP6V0A4|C7|CLCNKA|STK39|TRPM6|ESRRG|SLC22A2|TCF21|OGDHL|CLCNKB|TMEM52B|KCNJ1|UMOD|SLC12A3|SERPINA1|KRT8|ACSM2A|KCNJ16|KNG1|SLC12A1|KCNJ10|BSND","128","217|313|247|388|760|259|451|436|442|337|271|400|772|295|367|427|763|550|766|754|277|316|283|307|289|463|394|769|343|220|301|355|265","1.99E-6","","BTO:0003091","0.34948500216800943","0"
"72","5","DISEASES","","Uterine disease","3.2E-4","CLCNKB|KCNJ1|HNF1B|SLC12A1|BSND","128","277|283|481|301|265","1.07E-6","","DOID:345","0.34948500216800943","0"
"6","3","DISEASES","","Hypokalemia","3.2E-4","CLCNKB|KCNJ1|SLC12A3","128","277|283|289","1.05E-6","","DOID:4500","0.34948500216800943","0"
"86","5","Monarch Phenotype","","Paresthesia","3.4E-4","EPCAM|CLCNKB|KCNJ1|SLC12A3|SLC12A1","128","388|277|283|289|301","2.45E-6","","HP:0003401","0.34685210829577445","0"
"159","6","Monarch Phenotype","","Arthritis","3.5E-4","EPCAM|CLCNKB|UMOD|SLC12A3|SERPINA1|HNF1B","128","388|277|307|289|463|481","2.51E-6","","HP:0001369","0.3455931955649724","0"
"75","5","COMPARTMENTS","","Bicellular tight junction","3.7E-4","WNK4|EPCAM|CLDN16|CLDN19|CLDN10","128","247|388|349|442|337","1.29E-6","","GOCC:0005923","0.3431798275933005","0"
"27","4","GO Biological Process","","Renal absorption","3.7E-4","WNK4|CLCNKA|CLCNKB|UMOD","128","247|295|277|307","8.46E-7","","GO:0070293","0.3431798275933005","0"
"369","8","Monarch Phenotype","","Abnormal systemic blood pressure","3.7E-4","WNK4|CLCNKB|DCDC2|KCNJ1|SLC12A3|SERPINA1|KRT8|SLC12A1","128","247|277|748|283|289|463|394|301","2.69E-6","","HP:0030972","0.3431798275933005","0"
"3266","22","DISEASES","","Monogenic disease","3.9E-4","AQP2|WNK4|SALL1|EPCAM|ATP6V0A4|CLCNKA|STK39|ESRRG|KIF12|CLCNKB|DCDC2|KCNJ1|UMOD|F11|SLC12A3|SERPINA1|KCNJ16|HNF1B|KNG1|SLC12A1|KCNJ10|BSND","128","217|247|775|388|400|295|367|763|616|277|748|283|307|694|289|463|343|481|220|301|355|265","1.43E-6","","DOID:0050177","0.3408935392973501","0"
"10","3","Monarch Phenotype","","Delayed ability to stand","4.8E-4","CLCNKA|CLCNKB|BSND","128","295|277|265","3.55E-6","","HP:0025335","0.3318758762624413","0"
"1785","16","DISEASES","","Autosomal recessive disease","5.3E-4","EPCAM|ATP6V0A4|CLCNKA|STK39|ESRRG|CLCNKB|DCDC2|KCNJ1|UMOD|F11|SLC12A3|KCNJ16|KNG1|SLC12A1|KCNJ10|BSND","128","388|400|295|367|763|277|748|283|307|694|289|343|220|301|355|265","2.08E-6","","DOID:0050737","0.3275724130399211","0"
"11","3","Monarch Phenotype","","Hypernatriuria","5.9E-4","CLCNKA|CLCNKB|BSND","128","295|277|265","4.52E-6","","HP:0012605","0.32291479883578555","0"
"98","5","UniProt Keywords","","Tight junction","6.1E-4","WNK4|EPCAM|CLDN16|CLDN19|CLDN10","128","247|388|349|442|337","4.51E-6","","KW-0796","0.3214670164989233","0"
"279","7","Monarch Phenotype","","Constipation","6.2E-4","AQP2|SALL1|EPCAM|CLCNKB|KCNJ1|SLC12A3|SLC12A1","128","217|775|388|277|283|289|301","4.76E-6","","HP:0002019","0.3207608310501746","0"
"345","8","GO Biological Process","","Anion transmembrane transport","6.8E-4","SLC26A7|CLCNKA|SLC22A2|CLCNKB|SLC12A3|SLC12A1|KCNJ10|BSND","128","541|295|550|277|289|301|355|265","1.65E-6","","GO:0098656","0.3167491087293764","0"
"5129","27","Monarch Phenotype","","Phenotypic abnormality","6.8E-4","AQP2|WNK4|SALL1|EPCAM|CLDN16|FXYD2|CLDN19|CLDN10|ATP6V0A4|C7|CLCNKA|TRPM6|ESRRG|CLCNKB|DCDC2|TMEM72|KCNJ1|UMOD|F11|SLC12A3|SERPINA1|KRT8|HNF1B|KNG1|SLC12A1|KCNJ10|BSND","128","217|247|775|388|349|436|442|337|400|772|295|427|763|277|748|652|283|307|694|289|463|394|481|220|301|355|265","5.32E-6","","HP:0000118","0.3167491087293764","0"
"12","3","Monarch Phenotype","","Hyposthenuria","7.2E-4","AQP2|KCNJ1|SLC12A1","128","217|283|301","5.64E-6","","HP:0003158","0.3142667503568731","0"
"151","6","GO Biological Process","","Monovalent inorganic cation homeostasis","7.4E-4","ATP6V0D2|ATP6V0A4|UMOD|SLC12A3|SLC12A1|KCNJ10","128","451|400|307|289|301|355","1.88E-6","","GO:0055067","0.3130768280269024","0"
"628","10","GO Biological Process","","Cellular homeostasis","7.8E-4","WNK4|CLDN16|CALB1|ATP6V0D2|ATP6V0A4|STK39|PRKAA2|UMOD|SLC12A3|SLC12A1","128","247|349|259|451|400|367|757|307|289|301","2.03E-6","","GO:0019725","0.31079053973095194","0"
"35","4","GO Biological Process","","Potassium ion homeostasis","8.1E-4","UMOD|SLC12A3|SLC12A1|KCNJ10","128","307|289|301|355","2.18E-6","","GO:0055075","0.30915149811213505","0"
"107","5","Monarch Phenotype","","Stage 5 chronic kidney disease","8.5E-4","CLCNKA|CLCNKB|DCDC2|HNF1B|BSND","128","295|277|748|481|265","6.81E-6","","HP:0003774","0.3070581074285707","0"
"596","10","GO Molecular Function","","Inorganic cation transmembrane transporter activity","9.0E-4","CLDN16|ATP6V0D2|ATP6V0A4|TRPM6|KCNJ1|SLC12A3|ATP6V1G3|KCNJ16|SLC12A1|KCNJ10","128","349|451|400|427|283|289|253|343|301|355","1.28E-6","","GO:0022890","0.30457574905606755","0"
"905","11","Monarch Phenotype","","Abnormal joint morphology","9.3E-4","SALL1|EPCAM|FXYD2|CLCNKB|KCNJ1|UMOD|F11|SLC12A3|SERPINA1|HNF1B|SLC12A1","128","775|388|436|277|283|307|694|289|463|481|301","7.56E-6","","HP:0001367","0.3031517051446065","0"
"87","5","GO Biological Process","","Ureteric bud development","9.4E-4","SALL1|EPCAM|CALB1|TCF21|HNF1B","128","775|388|259|766|481","2.59E-6","","GO:0001657","0.3026872146400301","0"
"499","9","GO Biological Process","","Cation homeostasis","9.4E-4","WNK4|CLDN16|CALB1|ATP6V0D2|ATP6V0A4|UMOD|SLC12A3|SLC12A1|KCNJ10","128","247|349|259|451|400|307|289|301|355","2.63E-6","","GO:0055080","0.3026872146400301","0"
"371","8","GO Biological Process","","Regulation of body fluid levels","9.5E-4","AQP2|WNK4|STK39|SLC22A2|UMOD|F11|SERPINA1|KNG1","128","217|247|367|550|307|694|463|220","2.8E-6","","GO:0050878","0.30222763947111525","0"
"89","5","GO Biological Process","","Kidney morphogenesis","9.5E-4","WNK4|SALL1|CALB1|TCF21|HNF1B","128","247|775|259|766|481","2.88E-6","","GO:0060993","0.30222763947111525","0"
"198","6","Monarch Phenotype","","Ectopic calcification","0.001","FXYD2|CLCNKB|KCNJ1|SLC12A3|HNF1B|SLC12A1","128","436|277|283|289|481|301","8.52E-6","","HP:0010766","0.3","0"
"1406","14","GO Biological Process","","Homeostatic process","0.0011","AQP2|WNK4|EMX1|CLDN16|CALB1|ATP6V0D2|ATP6V0A4|STK39|PRKAA2|UMOD|SLC12A3|ACSM2A|SLC12A1|KCNJ10","128","217|247|382|349|259|451|400|367|757|307|289|769|301|355","3.32E-6","","GO:0042592","0.2958607314841775","0"
"10","3","GO Biological Process","","Renal sodium ion absorption","0.0011","WNK4|CLCNKB|UMOD","128","247|277|307","3.55E-6","","GO:0070294","0.2958607314841775","0"
"200","6","Monarch Phenotype","","Small for gestational age","0.0011","EPCAM|CLCNKA|CLCNKB|KCNJ1|SLC12A1|BSND","128","388|295|277|283|301|265","9.01E-6","","HP:0001518","0.2958607314841775","0"
"3535","22","COMPARTMENTS","","Plasma membrane","0.0012","AQP2|EPCAM|CLDN16|ATP6V0D2|CLDN19|CLDN10|ATP6V0A4|SLC26A7|C7|CLCNKA|TRPM6|SLC22A2|CLCNKB|KCNJ1|UMOD|SLC12A3|ATP6V1G3|KCNJ16|KNG1|SLC12A1|KCNJ10|BSND","128","217|388|349|451|442|337|400|541|772|295|427|550|277|283|307|289|253|343|220|301|355|265","5.5E-6","","GOCC:0005886","0.29208187539523756","0"
"3860","23","COMPARTMENTS","","Cell periphery","0.0012","AQP2|EPCAM|CLDN16|CALB1|ATP6V0D2|CLDN19|CLDN10|ATP6V0A4|SLC26A7|C7|CLCNKA|TRPM6|SLC22A2|CLCNKB|KCNJ1|UMOD|SLC12A3|ATP6V1G3|KCNJ16|KNG1|SLC12A1|KCNJ10|BSND","128","217|388|349|259|451|442|337|400|541|772|295|427|550|277|283|307|289|253|343|220|301|355|265","6.11E-6","","GOCC:0071944","0.29208187539523756","0"
"485","9","GO Molecular Function","","Channel activity","0.0013","AQP2|SLC26A7|CLCNKA|TRPM6|CLCNKB|KCNJ1|KCNJ16|KCNJ10|BSND","128","217|541|295|427|277|283|343|355|265","2.09E-6","","GO:0015267","0.2886056647693163","0"
"4798","26","DISEASES","","Disease of anatomical entity","0.0013","AQP2|WNK4|SALL1|EPCAM|CLDN16|CALB1|CLDN19|ATP6V0A4|SLC26A7|CLCNKA|STK39|ESRRG|KIF12|CLCNKB|DCDC2|KCNJ1|UMOD|F11|SLC12A3|SERPINA1|KRT8|HNF1B|KNG1|SLC12A1|KCNJ10|BSND","128","217|247|775|388|349|259|442|400|541|295|367|763|616|277|748|283|307|694|289|463|394|481|220|301|355|265","5.5E-6","","DOID:7","0.2886056647693163","0"
"11","3","GO Biological Process","","Cellular chloride ion homeostasis","0.0014","WNK4|STK39|UMOD","128","247|367|307","4.52E-6","","GO:0030644","0.2853871964321762","0"
"121","5","UniProt Keywords","","Potassium transport","0.0014","FXYD2|KCNJ1|KCNJ16|SLC12A1|KCNJ10","128","436|283|343|301|355","1.21E-5","","KW-0633","0.2853871964321762","0"
"211","6","Monarch Phenotype","","Polyhydramnios","0.0014","AQP2|CLCNKA|CLCNKB|KCNJ1|SLC12A1|BSND","128","217|295|277|283|301|265","1.21E-5","","HP:0001561","0.2853871964321762","0"
"12","3","GO Biological Process","","Distal tubule development","0.0016","WNK4|CALB1|UMOD","128","247|259|307","5.64E-6","","GO:0072017","0.2795880017344075","0"
"327","7","Monarch Phenotype","","Abnormality of the thyroid gland","0.0016","SALL1|EPCAM|CLCNKB|SLC12A3|SERPINA1|HNF1B|KCNJ10","128","775|388|277|289|463|481|355","1.31E-5","","HP:0000820","0.2795880017344075","0"
"57","4","Monarch Phenotype","","Bilateral sensorineural hearing impairment","0.0016","ATP6V0A4|CLCNKA|CLCNKB|BSND","128","400|295|277|265","1.33E-5","","HP:0008619","0.2795880017344075","0"
"1169","12","Monarch Phenotype","","Abnormal cardiovascular system physiology","0.0017","AQP2|WNK4|EPCAM|CLCNKB|DCDC2|KCNJ1|F11|SLC12A3|SERPINA1|KRT8|KNG1|SLC12A1","128","217|247|388|277|748|283|694|289|463|394|220|301","1.47E-5","","HP:0011025","0.2769551078621726","0"
"18","3","Monarch Phenotype","","Severe failure to thrive","0.0019","CLCNKA|CLCNKB|BSND","128","295|277|265","1.63E-5","","HP:0001525","0.27212463990471714","0"
"39","4","STRING Clusters","","Claudin, and Positive regulation of blood-brain barrier permeability","0.0019","CLDN16|CLDN19|CLDN10|TRPM6","128","349|442|337|427","3.25E-6","","CL:21719","0.27212463990471714","0"
"237","6","UniProt Keywords","","Deafness","0.0021","SALL1|CLCNKA|CLCNKB|DCDC2|KCNJ10|BSND","128","775|295|277|748|355|265","2.3E-5","","KW-0209","0.26777807052660807","0"
"135","5","Monarch Phenotype","","Premature birth","0.0022","CLCNKA|CLCNKB|KCNJ1|SLC12A1|BSND","128","295|277|283|301|265","2.01E-5","","HP:0001622","0.2657577319177794","0"
"350","7","Monarch Phenotype","","Abnormality of temperature regulation","0.0022","AQP2|CLDN10|CLCNKB|KCNJ1|SLC12A3|KRT8|SLC12A1","128","217|337|277|283|289|394|301","2.01E-5","","HP:0004370","0.2657577319177794","0"
"19","3","Monarch Phenotype","","Decreased glomerular filtration rate","0.0022","CLCNKA|CLCNKB|BSND","128","295|277|265","1.89E-5","","HP:0012213","0.2657577319177794","0"
"2389","17","Monarch Phenotype","","Abnormality of the digestive system","0.0022","AQP2|SALL1|EPCAM|CLDN16|CLDN19|ATP6V0A4|CLCNKA|CLCNKB|DCDC2|KCNJ1|F11|SLC12A3|SERPINA1|KRT8|HNF1B|SLC12A1|BSND","128","217|775|388|349|442|400|295|277|748|283|694|289|463|394|481|301|265","2.01E-5","","HP:0025031","0.2657577319177794","0"
"148","5","UniProt Keywords","","Voltage-gated channel","0.0023","CLCNKA|CLCNKB|KCNJ1|KCNJ16|KCNJ10","128","295|277|283|343|355","3.09E-5","","KW-0851","0.2638272163982407","0"
"124","5","COMPARTMENTS","","Basal plasma membrane","0.0024","EPCAM|CLDN19|SLC26A7|UMOD|BSND","128","388|442|541|307|265","1.36E-5","","GOCC:0009925","0.2619788758288394","0"
"238","6","Monarch Phenotype","","Fever","0.0025","AQP2|CLCNKB|KCNJ1|SLC12A3|KRT8|SLC12A1","128","217|277|283|289|394|301","2.35E-5","","HP:0001945","0.26020599913279624","0"
"139","5","Monarch Phenotype","","Muscle spasm","0.0025","TRPM6|CLCNKB|KCNJ1|SLC12A3|SLC12A1","128","427|277|283|289|301","2.31E-5","","HP:0003394","0.26020599913279624","0"
"1448","13","Monarch Phenotype","","Abdominal symptom","0.0026","AQP2|SALL1|EPCAM|CLDN16|ATP6V0A4|CLCNKA|CLCNKB|KCNJ1|SLC12A3|SERPINA1|KRT8|SLC12A1|BSND","128","217|775|388|349|400|295|277|283|289|463|394|301|265","2.46E-5","","HP:0011458","0.2585026652029182","0"
"15","3","GO Biological Process","","Collecting duct development","0.0028","AQP2|CALB1|UMOD","128","217|259|307","1.01E-5","","GO:0072044","0.2552841968657781","0"
"127","5","GO Cellular Component","","Bicellular tight junction","0.0028","WNK4|EPCAM|CLDN16|CLDN19|CLDN10","128","247|388|349|442|337","1.51E-5","","GO:0005923","0.2552841968657781","0"
"69","4","Monarch Phenotype","","Abnormal blood sodium concentration","0.0029","AQP2|CLCNKA|CLCNKB|BSND","128","217|295|277|265","2.72E-5","","HP:0010931","0.25376020021010437","0"
"80","4","UniProt Keywords","","Chloride","0.0032","CLCNKA|CLCNKB|SLC12A3|SLC12A1","128","295|277|289|301","4.73E-5","","KW-0868","0.24948500216800942","0"
"23","3","Monarch Phenotype","","Hyperparathyroidism","0.0033","CLDN10|SLC12A1|KCNJ10","128","337|301|355","3.16E-5","","HP:0000843","0.24814860601221125","0"
"861","10","Monarch Phenotype","","Muscle weakness","0.0033","FXYD2|CLCNKA|CLCNKB|KCNJ1|SLC12A3|SERPINA1|HNF1B|SLC12A1|KCNJ10|BSND","128","436|295|277|283|289|463|481|301|355|265","3.1E-5","","HP:0001324","0.24814860601221125","0"
"251","6","Monarch Phenotype","","Abnormality of thyroid physiology","0.0033","SALL1|CLCNKB|SLC12A3|SERPINA1|HNF1B|KCNJ10","128","775|277|289|463|481|355","3.15E-5","","HP:0002926","0.24814860601221125","0"
"2","2","Monarch Phenotype","","Renal juxtaglomerular cell hypertrophy/hyperplasia","0.0034","KCNJ1|SLC12A1","128","283|301","3.32E-5","","HP:0000111","0.2468521082957745","0"
"2","2","Monarch Phenotype","","Increased serum prostaglandin E2","0.0034","KCNJ1|SLC12A1","128","283|301","3.32E-5","","HP:0003566","0.2468521082957745","0"
"2","2","Monarch Phenotype","","Graves disease","0.0034","CLCNKB|SLC12A3","128","277|289","3.32E-5","","HP:0100647","0.2468521082957745","0"
"1027","11","COMPARTMENTS","","Extracellular space","0.0035","AQP2|EPCAM|CALB1|KIF12|UMOD|F11|SLC12A3|SERPINA1|KRT8|KNG1|SLC12A1","128","217|388|259|616|307|694|289|463|394|220|301","2.44E-5","","GOCC:0005615","0.24559319556497244","0"
"24","3","Monarch Phenotype","","Renal Fanconi syndrome","0.0035","CLCNKB|SLC12A3|HNF1B","128","277|289|481","3.55E-5","","HP:0001994","0.24559319556497244","0"
"24","3","Monarch Phenotype","","Hyperuricemia","0.0035","CLDN16|UMOD|HNF1B","128","349|307|481","3.55E-5","","HP:0002149","0.24559319556497244","0"
"106","5","Reactome Pathways","","Stimuli-sensing channels","0.0037","WNK4|CLCNKA|TRPM6|CLCNKB|BSND","128","247|295|427|277|265","6.52E-6","","HSA-2672351","0.2431798275933005","0"
"1513","13","Monarch Phenotype","","Abnormality of body weight","0.0038","AQP2|SALL1|EPCAM|CLDN16|ATP6V0A4|CLCNKA|CLCNKB|KCNJ1|SLC12A3|SERPINA1|HNF1B|SLC12A1|BSND","128","217|775|388|349|400|295|277|283|289|463|481|301|265","3.88E-5","","HP:0004323","0.242021640338319","0"
"437","8","GO Molecular Function","","Ion channel activity","0.0041","SLC26A7|CLCNKA|TRPM6|CLCNKB|KCNJ1|KCNJ16|KCNJ10|BSND","128","541|295|427|277|283|343|355|265","9.09E-6","","GO:0005216","0.23872161432802647","0"
"1763","14","Monarch Phenotype","","Abnormality of digestive system physiology","0.0041","AQP2|SALL1|EPCAM|CLDN16|ATP6V0A4|CLCNKA|CLCNKB|KCNJ1|F11|SLC12A3|SERPINA1|KRT8|SLC12A1|BSND","128","217|775|388|349|400|295|277|283|694|289|463|394|301|265","4.29E-5","","HP:0025032","0.23872161432802647","0"
"162","5","Monarch Phenotype","","Abnormal exteroceptive sensation","0.0045","EPCAM|CLCNKB|KCNJ1|SLC12A3|SLC12A1","128","388|277|283|289|301","4.69E-5","","HP:0033747","0.23467874862246565","0"
"319","7","GO Molecular Function","","Anion transmembrane transporter activity","0.0046","SLC26A7|CLCNKA|SLC22A2|CLCNKB|SLC12A3|SLC12A1|BSND","128","541|295|550|277|289|301|265","1.12E-5","","GO:0008509","0.23372421683184258","0"
"3785","22","GO Biological Process","","Transport","0.0047","AQP2|WNK4|CLDN16|ATP6V0D2|FXYD2|CLDN10|ATP6V0A4|SLC26A7|CLCNKA|STK39|TRPM6|SLC22A2|CLCNKB|KCNJ1|UMOD|SLC12A3|ATP6V1G3|KCNJ16|HNF1B|SLC12A1|KCNJ10|BSND","128","217|247|349|451|436|337|400|541|295|367|427|550|277|283|307|289|253|343|481|301|355|265","1.71E-5","","GO:0006810","0.23279021420642826","0"
"83","4","Monarch Phenotype","","Abnormal renal tubule morphology","0.0051","CLCNKB|UMOD|SLC12A3|BSND","128","277|307|289|265","5.43E-5","","HP:0000091","0.22924298239020638","0"
"83","4","Monarch Phenotype","","Nephrolithiasis","0.0051","CLDN16|CLDN19|CLDN10|HNF1B","128","349|442|337|481","5.43E-5","","HP:0000787","0.22924298239020638","0"
"3","2","Monarch Phenotype","","Mitochondrial encephalopathy","0.0051","CLCNKB|SLC12A3","128","277|289","5.52E-5","","HP:0006789","0.22924298239020638","0"
"3","2","Monarch Phenotype","","Decreased urinary potassium","0.0051","CLCNKB|SLC12A3","128","277|289","5.52E-5","","HP:0012364","0.22924298239020638","0"
"3","2","Monarch Phenotype","","Renal calcium wasting","0.0051","CLDN16|CLDN19","128","349|442","5.52E-5","","HP:0012637","0.22924298239020638","0"
"281","6","Monarch Phenotype","","Creatinine measurement","0.0053","SLC22A2|TCF21|DCDC2|UMOD|KLHDC7A|KNG1","128","550|766|748|307|751|220","5.82E-5","","EFO:0004518","0.2275724130399211","0"
"25","3","GO Cellular Component","","Vacuolar proton-transporting V-type ATPase complex","0.0054","ATP6V0D2|ATP6V0A4|ATP6V1G3","128","451|400|253","3.97E-5","","GO:0016471","0.22676062401770314","0"
"6015","28","GO Cellular Component","","Cell periphery","0.0054","AQP2|EPCAM|CLDN16|CALB1|ATP6V0D2|FXYD2|CLDN19|CLDN10|CDH16|ATP6V0A4|SLC26A7|C7|CLCNKA|STK39|TRPM6|SLC22A2|CLCNKB|KCNJ1|UMOD|F11|SLC12A3|SERPINA1|ATP6V1G3|KCNJ16|KNG1|SLC12A1|KCNJ10|BSND","128","217|388|349|259|451|436|442|337|271|400|541|772|295|367|427|550|277|283|307|694|289|463|253|343|220|301|355|265","3.66E-5","","GO:0071944","0.22676062401770314","0"
"172","5","Monarch Phenotype","","Abdominal pain","0.0055","EPCAM|CLDN16|CLCNKB|SLC12A3|SERPINA1","128","388|349|277|289|463","6.18E-5","","HP:0002027","0.22596373105057563","0"
"6291","29","DISEASES","","Disease","0.0056","AQP2|WNK4|SALL1|EPCAM|CLDN16|CALB1|FXYD2|CLDN19|ATP6V0A4|SLC26A7|CLCNKA|STK39|TRPM6|ESRRG|KIF12|CLCNKB|DCDC2|KCNJ1|UMOD|F11|SLC12A3|SERPINA1|KRT8|KCNJ16|HNF1B|KNG1|SLC12A1|KCNJ10|BSND","128","217|247|775|388|349|259|436|442|400|541|295|367|427|763|616|277|748|283|307|694|289|463|394|343|481|220|301|355|265","2.66E-5","","DOID:4","0.22518119729937996","0"
"21","3","GO Biological Process","","Calcium-independent cell-cell adhesion via plasma membrane cell-adhesion molecules","0.0065","CLDN16|CLDN19|CLDN10","128","349|442|337","2.47E-5","","GO:0016338","0.21870866433571443","0"
"504","8","GO Biological Process","","Regulation of ion transmembrane transport","0.0065","WNK4|FXYD2|CLCNKA|STK39|CLCNKB|KCNJ1|KCNJ16|KCNJ10","128","247|436|295|367|277|283|343|355","2.5E-5","","GO:0034765","0.21870866433571443","0"
"67","4","GO Biological Process","","Nephron tubule morphogenesis","0.0065","WNK4|SALL1|TCF21|HNF1B","128","247|775|766|481","2.44E-5","","GO:0072078","0.21870866433571443","0"
"2","2","DISEASES","","Familial juvenile hyperuricemic nephropathy","0.0066","UMOD|HNF1B","128","307|481","3.32E-5","","DOID:0060062","0.2180456064458131","0"
"2","2","DISEASES","","Renal hypomagnesemia 5 with ocular involvement","0.0066","CLDN16|CLDN19","128","349|442","3.32E-5","","DOID:0060881","0.2180456064458131","0"
"4","2","Monarch Phenotype","","Factor XI measurement","0.0074","F11|KNG1","128","694|220","8.27E-5","","EFO:0004694","0.21307682802690237","0"
"4","2","Monarch Phenotype","","Prominent U wave","0.0074","CLCNKB|SLC12A3","128","277|289","8.27E-5","","HP:0025072","0.21307682802690237","0"
"95","4","Monarch Phenotype","","Abnormal circulating calcium concentration","0.0077","TRPM6|CLCNKB|SLC12A3|SLC12A1","128","427|277|289|301","8.99E-5","","HP:0004363","0.2113509274827518","0"
"523","8","GO Biological Process","","Cellular chemical homeostasis","0.0078","WNK4|CLDN16|CALB1|ATP6V0D2|ATP6V0A4|STK39|PRKAA2|UMOD","128","247|349|259|451|400|367|757|307","3.24E-5","","GO:0055082","0.21079053973095196","0"
"309","6","Monarch Phenotype","","Diarrhea","0.0082","EPCAM|CLCNKB|KCNJ1|SLC12A3|SERPINA1|SLC12A1","128","388|277|283|289|463|301","9.73E-5","","HP:0002014","0.20861861476162832","0"
"3","2","TISSUES","","Inner medullary collecting duct","0.0084","AQP2|SLC12A1","128","217|301","5.52E-5","","BTO:0004544","0.20757207139381184","0"
"3654","21","GO Biological Process","","Regulation of biological quality","0.0085","AQP2|WNK4|EMX1|CLDN16|CALB1|ATP6V0D2|CLDN19|ATP6V0A4|STK39|ESRRG|SLC22A2|PRKAA2|UMOD|F11|SLC12A3|SERPINA1|ACSM2A|HNF1B|KNG1|SLC12A1|KCNJ10","128","217|247|382|349|259|451|442|400|367|763|550|757|307|694|289|463|769|481|220|301|355","3.64E-5","","GO:0065008","0.20705810742857073","0"
"700","9","GO Biological Process","","Regulation of ion transport","0.0087","WNK4|FXYD2|CLDN10|CLCNKA|STK39|CLCNKB|KCNJ1|KCNJ16|KCNJ10","128","247|436|337|295|367|277|283|343|355","3.78E-5","","GO:0043269","0.20604807473813813","0"
"5544","26","GO Cellular Component","","Plasma membrane","0.0102","AQP2|EPCAM|CLDN16|ATP6V0D2|FXYD2|CLDN19|CLDN10|CDH16|ATP6V0A4|SLC26A7|C7|CLCNKA|STK39|TRPM6|SLC22A2|CLCNKB|KCNJ1|UMOD|F11|SLC12A3|ATP6V1G3|KCNJ16|KNG1|SLC12A1|KCNJ10|BSND","128","217|388|349|451|436|442|337|271|400|541|772|295|367|427|550|277|283|307|694|289|253|343|220|301|355|265","8.51E-5","","GO:0005886","0.19913998282380824","0"
"82","4","KEGG Pathways","","Complement and coagulation cascades","0.0102","C7|F11|SERPINA1|KNG1","128","772|694|463|220","5.19E-5","","hsa04610","0.19913998282380824","0"
"24","3","KEGG Pathways","","Collecting duct acid secretion","0.0102","ATP6V0D2|ATP6V0A4|CLCNKB","128","451|400|277","3.55E-5","","hsa04966","0.19913998282380824","0"
"71","4","KEGG Pathways","","Gastric acid secretion","0.0102","SLC26A7|KCNJ1|KCNJ16|KCNJ10","128","541|283|343|355","3.03E-5","","hsa04971","0.19913998282380824","0"
"57","4","WikiPathways","","Proximal tubule transport","0.0104","ATP6V0D2|FXYD2|ATP6V0A4|SLC22A2","128","451|436|400|550","1.33E-5","","WP4917","0.19829666607012197","0"
"348","6","UniProt Keywords","","Ion channel","0.0112","CLCNKA|TRPM6|CLCNKB|KCNJ1|KCNJ16|KCNJ10","128","295|427|277|283|343|355","1.8E-4","","KW-0407","0.19507819773298182","0"
"328","6","Monarch Phenotype","","Acidosis","0.0113","WNK4|CLDN16|ATP6V0A4|CLCNKB|SLC12A3|HNF1B","128","247|349|400|277|289|481","1.3E-4","","HP:0001941","0.19469215565165804","0"
"1033","10","Monarch Phenotype","","Metabolite measurement","0.0116","ATP6V0D2|TRPM6|SLC22A2|TCF21|DCDC2|UMOD|KLHDC7A|SERPINA1|ACSM2A|KNG1","128","451|427|550|766|748|307|751|463|769|220","1.4E-4","","EFO:0004725","0.19355420107730814","0"
"46","3","UniProt Keywords","","Blood coagulation","0.0121","F11|SERPINA1|KNG1","128","694|463|220","2.2E-4","","KW-0094","0.191721462968355","0"
"168","5","GO Biological Process","","Sodium ion transmembrane transport","0.0126","WNK4|FXYD2|STK39|SLC12A3|SLC12A1","128","247|436|367|289|301","5.55E-5","","GO:0035725","0.18996294548824372","0"
"413","7","GO Biological Process","","Metal ion homeostasis","0.0127","WNK4|CLDN16|CALB1|UMOD|SLC12A3|SLC12A1|KCNJ10","128","247|349|259|307|289|301|355","5.65E-5","","GO:0055065","0.18961962790440431","0"
"6","2","Monarch Phenotype","","Distal renal tubular acidosis","0.0127","ATP6V0A4|HNF1B","128","400|481","1.5E-4","","HP:0008341","0.18961962790440431","0"
"6","2","Monarch Phenotype","","Hypermagnesiuria","0.0127","CLDN16|CLDN19","128","349|442","1.5E-4","","HP:0012608","0.18961962790440431","0"
"26","3","GO Molecular Function","","Inward rectifier potassium channel activity","0.0135","KCNJ1|KCNJ16|KCNJ10","128","283|343|355","4.42E-5","","GO:0005242","0.1869666231504994","0"
"77","4","GO Molecular Function","","Chloride channel activity","0.0135","SLC26A7|CLCNKA|CLCNKB|BSND","128","541|295|277|265","4.1E-5","","GO:0005254","0.1869666231504994","0"
"3","2","GO Molecular Function","","Sodium:potassium:chloride symporter activity","0.0135","SLC12A3|SLC12A1","128","289|301","5.52E-5","","GO:0008511","0.1869666231504994","0"
"162","5","GO Molecular Function","","Potassium ion transmembrane transporter activity","0.0135","KCNJ1|SLC12A3|KCNJ16|SLC12A1|KCNJ10","128","283|289|343|301|355","4.69E-5","","GO:0015079","0.1869666231504994","0"
"271","6","GO Molecular Function","","Active ion transmembrane transporter activity","0.0135","ATP6V0D2|ATP6V0A4|SLC26A7|SLC12A3|ATP6V1G3|SLC12A1","128","451|400|541|289|253|301","4.78E-5","","GO:0022853","0.1869666231504994","0"
"24","3","GO Molecular Function","","Proton-transporting ATPase activity, rotational mechanism","0.0135","ATP6V0D2|ATP6V0A4|ATP6V1G3","128","451|400|253","3.55E-5","","GO:0046961","0.1869666231504994","0"
"421","7","GO Molecular Function","","Active transmembrane transporter activity","0.0137","ATP6V0D2|ATP6V0A4|SLC26A7|SLC22A2|SLC12A3|ATP6V1G3|SLC12A1","128","451|400|541|550|289|253|301","6.37E-5","","GO:0022804","0.18632794328435934","0"
"51","3","UniProt Keywords","","Hydrogen ion transport","0.0138","ATP6V0D2|ATP6V0A4|ATP6V1G3","128","451|400|253","2.9E-4","","KW-0375","0.18601209135987634","0"
"421","7","GO Biological Process","","Cellular ion homeostasis","0.0141","WNK4|CLDN16|CALB1|ATP6V0D2|ATP6V0A4|STK39|UMOD","128","247|349|259|451|400|367|307","6.37E-5","","GO:0006873","0.18507808873446202","0"
"114","4","Monarch Phenotype","","Neoplasm of the endocrine system","0.0143","EPCAM|CLCNKB|SLC12A3|KCNJ10","128","388|277|289|355","1.8E-4","","HP:0100568","0.18446639625349381","0"
"1706","13","GO Cellular Component","","Integral component of plasma membrane","0.015","AQP2|FXYD2|CDH16|SLC26A7|C7|CLCNKA|TRPM6|SLC22A2|CLCNKB|SLC12A3|KCNJ16|KCNJ10|BSND","128","217|436|271|541|772|295|427|550|277|289|343|355|265","1.3E-4","","GO:0005887","0.1823908740944319","0"
"432","7","GO Molecular Function","","Metal ion transmembrane transporter activity","0.0151","CLDN16|TRPM6|KCNJ1|SLC12A3|KCNJ16|SLC12A1|KCNJ10","128","349|427|283|289|343|301|355","7.46E-5","","GO:0046873","0.18210230527068305","0"
"223","5","Monarch Phenotype","","Cholestasis","0.0163","EPCAM|DCDC2|SERPINA1|KRT8|HNF1B","128","388|748|463|394|481","2.0E-4","","HP:0001396","0.17878123955960423","0"
"356","6","Monarch Phenotype","","Pain","0.0165","EPCAM|CLDN16|ESRRG|CLCNKB|SLC12A3|SERPINA1","128","388|349|763|277|289|463","2.1E-4","","EFO:0003843","0.17825160557860936","0"
"225","5","Monarch Phenotype","","Abnormality of the pancreas","0.0167","EPCAM|CLCNKB|SLC12A3|SERPINA1|HNF1B","128","388|277|289|463|481","2.1E-4","","HP:0001732","0.17772835288524166","0"
"3173","18","Monarch Phenotype","","Abnormality of the musculoskeletal system","0.0168","SALL1|EPCAM|CLDN16|FXYD2|CLDN19|ATP6V0A4|CLCNKA|TRPM6|CLCNKB|KCNJ1|UMOD|F11|SLC12A3|SERPINA1|HNF1B|SLC12A1|KCNJ10|BSND","128","775|388|349|436|442|400|295|427|277|283|307|694|289|463|481|301|355|265","2.1E-4","","HP:0033127","0.17746907182741373","0"
"4","2","GO Biological Process","","Negative regulation of pancreatic juice secretion","0.0178","WNK4|STK39","128","247|367","8.27E-5","","GO:0090188","0.17495799976911058","0"
"33","3","GO Biological Process","","Embryonic digestive tract development","0.0181","SALL1|TCF21|HNF1B","128","775|766|481","8.54E-5","","GO:0048566","0.17423214251308156","0"
"4512","23","GO Biological Process","","Localization","0.0181","AQP2|WNK4|CLDN16|ATP6V0D2|FXYD2|CLDN10|ATP6V0A4|SLC26A7|CLCNKA|STK39|TRPM6|SLC22A2|PRKAA2|CLCNKB|KCNJ1|UMOD|SLC12A3|ATP6V1G3|KCNJ16|HNF1B|SLC12A1|KCNJ10|BSND","128","217|247|349|451|436|337|400|541|295|367|427|550|757|277|283|307|289|253|343|481|301|355|265","8.55E-5","","GO:0051179","0.17423214251308156","0"
"25","3","STRING Clusters","","ATPase-coupled ion transmembrane transporter activity","0.0182","ATP6V0D2|ATP6V0A4|ATP6V1G3","128","451|400|253","3.97E-5","","CL:14703","0.17399286120149252","0"
"8","2","Monarch Phenotype","","Nocturia","0.0189","CLCNKB|SLC12A3","128","277|289","2.5E-4","","HP:0000017","0.1723538195826756","0"
"124","4","Monarch Phenotype","","Triangular face","0.0189","CLCNKA|CLCNKB|KCNJ1|BSND","128","295|277|283|265","2.4E-4","","HP:0000325","0.1723538195826756","0"
"8","2","Monarch Phenotype","","Diabetic ketoacidosis","0.0189","CLCNKB|SLC12A3","128","277|289","2.5E-4","","HP:0001953","0.1723538195826756","0"
"48","3","Monarch Phenotype","","Abnormal tubulointerstitial morphology","0.0189","CLCNKB|SLC12A3|BSND","128","277|289|265","2.4E-4","","HP:0001969","0.1723538195826756","0"
"48","3","Monarch Phenotype","","Hypocalcemia","0.0189","TRPM6|CLCNKB|SLC12A3","128","427|277|289","2.4E-4","","HP:0002901","0.1723538195826756","0"
"8","2","Monarch Phenotype","","Primary hyperaldosteronism","0.0189","CLCNKB|SLC12A3","128","277|289","2.5E-4","","HP:0011736","0.1723538195826756","0"
"528","7","Monarch Phenotype","","Glomerular filtration rate","0.019","SLC22A2|TCF21|DCDC2|UMOD|KLHDC7A|ACSM2A|KNG1","128","550|766|748|307|751|769|220","2.5E-4","","EFO:0005208","0.1721246399047171","0"
"34","3","GO Biological Process","","Response to dietary excess","0.0191","WNK4|STK39|SLC12A3","128","247|367|289","9.28E-5","","GO:0002021","0.17189666327522726","0"
"5","2","DISEASES","","Nephrogenic diabetes insipidus","0.0192","AQP2|SLC12A1","128","217|301","1.2E-4","","DOID:12387","0.17166987712964504","0"
"317","6","DISEASES","","Reproductive system disease","0.0192","CLCNKB|KCNJ1|KRT8|HNF1B|SLC12A1|BSND","128","277|283|394|481|301|265","1.1E-4","","DOID:15","0.17166987712964504","0"
"5","2","GO Molecular Function","","ATP-activated inward rectifier potassium channel activity","0.0219","KCNJ1|KCNJ10","128","283|355","1.2E-4","","GO:0015272","0.16595558851598818","0"
"5040","23","UniProt Keywords","","Transmembrane helix","0.0221","AQP2|EPCAM|CLDN16|FXYD2|CLDN19|CLDN10|CDH16|ATP6V0A4|SLC26A7|CLCNKA|TRPM6|SLC22A2|CLCNKB|TMEM52B|TMEM72|KCNJ1|KLHDC7A|TMEM213|SLC12A3|KCNJ16|SLC12A1|KCNJ10|BSND","128","217|388|349|436|442|337|271|400|541|295|427|550|277|316|652|283|751|532|289|343|301|355|265","4.9E-4","","KW-1133","0.1655607726314889","0"
"52","3","Monarch Phenotype","","Neoplasm of the pancreas","0.0226","EPCAM|CLCNKB|SLC12A3","128","388|277|289","3.0E-4","","HP:0002894","0.1645891560852599","0"
"201","5","GO Molecular Function","","Voltage-gated ion channel activity","0.0231","CLCNKA|CLCNKB|KCNJ1|KCNJ16|KCNJ10","128","295|277|283|343|355","1.3E-4","","GO:0005244","0.16363880201078557","0"
"5","2","GO Biological Process","","Metanephric distal convoluted tubule development","0.0235","CALB1|UMOD","128","259|307","1.2E-4","","GO:0072221","0.16289321377282637","0"
"38","3","GO Biological Process","","Sodium ion homeostasis","0.0251","UMOD|SLC12A3|SLC12A1","128","307|289|301","1.3E-4","","GO:0055078","0.16003262785189618","0"
"136","4","Monarch Phenotype","","Abnormal thyroid morphology","0.0252","EPCAM|CLCNKB|SLC12A3|KCNJ10","128","388|277|289|355","3.4E-4","","HP:0011772","0.15985994592184558","0"
"10","2","Monarch Phenotype","","Prolonged PR interval","0.0265","CLCNKB|SLC12A3","128","277|289","3.6E-4","","HP:0012248","0.1576754126063192","0"
"16","3","Pfam","","Inward rectifier potassium channel transmembrane domain","0.0276","KCNJ1|KCNJ16|KCNJ10","128","283|343|355","1.19E-5","","PF01007","0.15590909179347823","0"
"36","3","Reactome Pathways","","ROS and RNS production in phagocytes","0.0299","ATP6V0D2|ATP6V0A4|ATP6V1G3","128","451|400|253","1.1E-4","","HSA-1222556","0.15243288116755704","0"
"30","3","Reactome Pathways","","Tight junction interactions","0.0299","CLDN16|CLDN19|CLDN10","128","349|442|337","6.56E-5","","HSA-420029","0.15243288116755704","0"
"30","3","Reactome Pathways","","Insulin receptor recycling","0.0299","ATP6V0D2|ATP6V0A4|ATP6V1G3","128","451|400|253","6.56E-5","","HSA-77387","0.15243288116755704","0"
"31","3","Reactome Pathways","","Transferrin endocytosis and recycling","0.0299","ATP6V0D2|ATP6V0A4|ATP6V1G3","128","451|400|253","7.18E-5","","HSA-917977","0.15243288116755704","0"
"573","7","Monarch Phenotype","","Sign or symptom","0.03","EPCAM|CLDN16|ESRRG|CLCNKB|SLC12A3|SERPINA1|HNF1B","128","388|349|763|277|289|463|481","4.1E-4","","EFO:0003765","0.15228787452803377","0"
"58","3","Monarch Phenotype","","Insulin resistance","0.03","CLCNKB|SLC12A3|HNF1B","128","277|289|481","4.1E-4","","HP:0000855","0.15228787452803377","0"
"2182","14","Monarch Phenotype","","Growth abnormality","0.03","AQP2|SALL1|EPCAM|CLDN16|ATP6V0A4|CLCNKA|CLCNKB|KCNJ1|SLC12A3|SERPINA1|HNF1B|SLC12A1|KCNJ10|BSND","128","217|775|388|349|400|295|277|283|289|463|481|301|355|265","4.1E-4","","HP:0001507","0.15228787452803377","0"
"6","2","GO Biological Process","","Ureteric bud elongation","0.0302","SALL1|HNF1B","128","775|481","1.5E-4","","GO:0060677","0.15199930570428494","0"
"11","2","Monarch Phenotype","","ST segment depression","0.0304","CLCNKB|SLC12A3","128","277|289","4.3E-4","","HP:0012250","0.15171264163912462","0"
"7","2","DISEASES","","Nephrocalcinosis","0.0313","CLDN16|CLDN19","128","349|442","2.0E-4","","DOID:12679","0.15044556624535516","0"
"147","4","Monarch Phenotype","","Serum urea measurement","0.0322","DCDC2|KCNJ1|SERPINA1|HNF1B","128","748|283|463|481","4.5E-4","","EFO:0009795","0.14921441283041692","0"
"12","2","Monarch Phenotype","","Hashimoto thyroiditis","0.0349","CLCNKB|SLC12A3","128","277|289","5.0E-4","","HP:0000872","0.145717457304082","0"
"12","2","Monarch Phenotype","","Scleroderma","0.0349","CLCNKB|SLC12A3","128","277|289","5.0E-4","","HP:0100324","0.145717457304082","0"
"5670","25","GO Cellular Component","","Integral component of membrane","0.036","AQP2|EPCAM|CLDN16|FXYD2|CLDN19|CLDN10|CDH16|ATP6V0A4|SLC26A7|C7|CLCNKA|TRPM6|SLC22A2|CLCNKB|TMEM52B|TMEM72|KCNJ1|UMOD|KLHDC7A|TMEM213|SLC12A3|KCNJ16|SLC12A1|KCNJ10|BSND","128","217|388|349|436|442|337|271|400|541|772|295|427|550|277|316|652|283|307|751|532|289|343|301|355|265","3.9E-4","","GO:0016021","0.14436974992327128","0"
"2029","14","GO Biological Process","","System process","0.0377","AQP2|WNK4|CALB1|CLDN19|ATP6V0A4|SLC26A7|CLCNKA|STK39|SLC22A2|CLCNKB|DCDC2|UMOD|KNG1|KCNJ10","128","217|247|259|442|400|541|295|367|550|277|748|307|220|355","1.9E-4","","GO:0003008","0.14236586497942072","0"
"8","2","DISEASES","","Diabetes insipidus","0.0378","AQP2|SLC12A1","128","217|301","2.5E-4","","DOID:9409","0.14225082001627748","0"
"64","3","Monarch Phenotype","","Hyponatremia","0.0379","CLCNKA|CLCNKB|BSND","128","295|277|265","5.4E-4","","HP:0002902","0.14213607900319275","0"
"13","2","Monarch Phenotype","","Abnormal PR interval","0.0396","CLCNKB|SLC12A3","128","277|289","5.7E-4","","HP:0031593","0.14023048140744876","0"
"227","5","GO Biological Process","","Cellular response to inorganic substance","0.0411","AQP2|STK39|PRKAA2|SLC12A3|KCNJ10","128","217|367|757|289|355","2.2E-4","","GO:0071241","0.13861581781239307","0"
"2125","14","COMPARTMENTS","","Vesicle","0.0427","AQP2|EPCAM|CALB1|ATP6V0D2|ATP6V0A4|SLC26A7|KIF12|UMOD|F11|SLC12A3|SERPINA1|KRT8|KNG1|SLC12A1","128","217|388|259|451|400|541|616|307|694|289|463|394|220|301","3.2E-4","","GOCC:0031982","0.13695721249749762","0"
"12","2","GO Cellular Component","","Proton-transporting V-type ATPase, V0 domain","0.0441","ATP6V0D2|ATP6V0A4","128","451|400","5.0E-4","","GO:0033179","0.13555614105321614","0"
"68","3","Monarch Phenotype","","Clumsiness","0.0442","CLCNKA|CLCNKB|BSND","128","295|277|265","6.4E-4","","HP:0002312","0.13545777306509083","0"
"3154","17","Monarch Phenotype","","Abnormal nervous system physiology","0.0442","AQP2|SALL1|EPCAM|CLDN16|FXYD2|CLDN10|CLCNKA|TRPM6|CLCNKB|KCNJ1|SLC12A3|SERPINA1|KRT8|HNF1B|SLC12A1|KCNJ10|BSND","128","217|775|388|349|436|337|295|427|277|283|289|463|394|481|301|355|265","6.4E-4","","HP:0012638","0.13545777306509083","0"
"3471","18","Monarch Phenotype","","Abnormality of the nervous system","0.045","AQP2|SALL1|EPCAM|CLDN16|FXYD2|CLDN10|CLCNKA|TRPM6|CLCNKB|KCNJ1|SLC12A3|SERPINA1|KRT8|HNF1B|KNG1|SLC12A1|KCNJ10|BSND","128","217|775|388|349|436|337|295|427|277|283|289|463|394|481|220|301|355|265","6.6E-4","","HP:0000707","0.13467874862246562","0"
"7","2","Reactome Pathways","","Cation-coupled Chloride cotransporters","0.0451","SLC12A3|SLC12A1","128","289|301","2.0E-4","","HSA-426117","0.13458234581220394","0"
"8","2","GO Biological Process","","Response to water deprivation","0.0455","AQP2|UMOD","128","217|307","2.5E-4","","GO:0009414","0.13419886033428877","0"
"107","4","STRING Clusters","","Amino acids regulate mTORC1, and MTOR signalling","0.0458","ATP6V0D2|ATP6V0A4|PRKAA2|ATP6V1G3","128","451|400|757|253","1.4E-4","","CL:14565","0.1339134521996131","0"
"49","3","GO Biological Process","","Bicellular tight junction assembly","0.0469","CLDN16|CLDN19|CLDN10","128","349|442|337","2.6E-4","","GO:0070830","0.1328827157284917","0"
"157","4","KEGG Pathways","","Tight junction","0.0486","CLDN16|CLDN19|CLDN10|PRKAA2","128","349|442|337|757","5.8E-4","","hsa04530","0.13133637307377066","0"
"50","3","GO Biological Process","","Positive regulation of potassium ion transport","0.0491","WNK4|FXYD2|STK39","128","247|436|367","2.7E-4","","GO:0043268","0.13089185078770316","0"
"20","2","UniProt Keywords","","CBS domain","0.0491","CLCNKA|CLCNKB","128","295|277","0.0012","","KW-0129","0.13089185078770316","0"
"15","2","Monarch Phenotype","","Partial thromboplastin time","0.05","F11|KNG1","128","694|220","7.4E-4","","EFO:0004310","0.13010299956639812","0"
"15","2","Monarch Phenotype","","Parathyroid adenoma","0.05","CLCNKB|SLC12A3","128","277|289","7.4E-4","","HP:0002897","0.13010299956639812","0"
